0;;20.52888107;20.54489326;20.62499237
1;;20.64492416;20.52533722;20.67286873
2;;20.76462173;20.60046196;20.66983795
3;;20.82770348;20.61491966;20.68362045
4;;20.81025124;20.5834713;20.8037281
5;;20.56637001;20.41213989;20.74560547
6;;20.68086052;20.6338253;20.76420403
7;;20.75490761;20.47593498;20.84097481
8;;20.68528748;20.42541122;20.66153336
9;;20.53082848;20.49249649;20.78075981
10;;20.69652557;20.3959198;20.55872154
11;;20.75288963;20.4032383;20.60817909
12;;20.66915321;20.46281624;20.56842995
13;;20.78883743;20.45783043;20.59484863
14;;20.73812103;20.57471848;20.6160183
15;;20.70036888;20.53027344;20.63335609
16;;20.68966675;20.55356216;20.70278168
17;;20.74718094;20.71438217;20.53718185
18;;20.69275856;20.67823792;20.65922356
19;;20.72494888;20.74359512;20.56601715
20;;20.59365082;20.60807419;20.50238228
21;;20.65159798;20.59403038;20.5557766
22;;20.57652664;20.47699928;20.50967216
23;;20.65746689;20.59519386;20.51505089
24;;20.68671417;20.56099129;20.57335854
25;;20.63276291;20.50158882;20.54171944
26;;20.666996;20.65327454;20.52720642
27;;20.62061501;20.65126228;20.56677818
28;;20.63837624;20.606493;20.57872581
29;;20.59565353;20.62794876;20.59960365
30;;20.60976791;20.6776619;20.53779984
31;;20.66246986;20.53003883;20.60609436
32;;20.68462181;20.6256237;20.60751915
33;;20.78227425;20.51405716;20.53609848
34;;20.68936539;20.60663033;20.60029221
35;;20.66449356;20.60225105;20.55199051
36;;20.73976707;20.57377434;20.4539299
37;;20.66492081;20.54647255;20.58420944
38;;20.69726753;20.60984993;20.55828094
39;;20.7526226;20.56409073;20.49711418
40;;20.69048882;20.51553154;20.63009644
41;;20.81847191;20.48368454;20.49582481
42;;20.75846672;20.47735977;20.60563087
43;;20.64982986;20.49072266;20.5537014
44;;20.74810028;20.47938347;20.62900925
45;;20.71876335;20.50841141;20.75785637
46;;20.69965553;20.42031479;20.63016129
47;;20.74324036;20.49115181;20.50436783
48;;20.70134544;20.62344742;20.68180275
49;;20.64047432;20.65802002;20.73970222
50;;20.77536201;20.50745392;20.7545681
51;;20.62152863;20.50628662;20.78179169
52;;20.74474335;20.66576767;20.77083969
53;;20.68155861;20.48178482;20.7041111
54;;20.64106941;20.67156219;20.71848297
55;;20.65966034;20.44189835;20.68911171
56;;20.62678146;20.69073677;20.63056946
57;;20.59471703;20.62198067;20.80212593
58;;20.59123993;20.71331978;20.60338211
59;;20.62155724;20.75749207;20.72837067
60;;20.69178963;20.72320747;20.70956993
61;;20.66360664;20.73543358;20.73043442
62;;20.66115952;20.74574471;20.63848305
63;;20.66304779;20.73343658;20.572155
64;;20.56877518;20.83855057;20.74670219
65;;20.57028389;20.78184319;20.55417061
66;;20.49879265;20.77532387;20.63084984
67;;20.51412964;20.93634033;20.5068779
68;;20.67777634;20.79858589;20.64664078
69;;20.66176605;20.70249367;20.65835762
70;;20.54536438;20.79465675;20.55415726
71;;20.64435577;20.79949951;20.78335762
72;;20.60430717;20.799757;20.73191261
73;;20.68080139;20.84673882;20.66501808
74;;20.47127724;20.81195068;20.68627739
75;;20.51970673;20.82818794;20.62652206
76;;20.5555687;20.75167847;20.68479347
77;;20.47893143;20.70721626;20.72656059
78;;20.59459114;20.73307991;20.74303246
79;;20.52433968;20.8097496;20.74842072
80;;20.5480938;20.75386047;20.75243378
81;;20.52768707;20.90398979;20.69021797
82;;20.50604439;20.85904884;20.8361969
83;;20.59757042;20.83469963;20.74264717
84;;20.56484604;20.90608406;20.75110245
85;;20.5503273;20.80434036;20.75430679
86;;20.61590767;20.73338318;20.6381073
87;;20.52703094;20.86406326;20.56891441
88;;20.49407196;20.64250183;20.5219593
89;;20.69410706;20.78623581;20.67372704
90;;20.58658218;20.66585732;20.76838112
91;;20.56413078;20.66781425;20.70709419
92;;20.540205;20.64023781;20.81531906
93;;20.55554581;20.79601669;20.73962212
94;;20.59736633;20.70386505;20.92133141
95;;20.63580132;20.76144791;20.9471302
96;;20.4979763;20.71375084;20.83560753
97;;20.61131859;20.72255135;20.83032227
98;;20.54306221;20.64277458;20.97898293
99;;20.60361481;20.63516617;21.01055336
100;;20.64551926;20.60305595;20.89405632
101;;20.56419945;20.60690689;20.93811607
102;;20.54283714;20.78467751;20.96268082
103;;20.60826683;20.72111511;20.77641869
104;;20.5364151;20.79256248;20.75027847
105;;20.56343269;20.74772644;20.75856209
106;;20.57345009;20.71268654;20.81960106
107;;20.51069069;20.69911385;21.02560806
108;;20.52550125;20.73047447;20.90322876
109;;20.55942154;20.63485909;21.01852036
110;;20.51008987;20.79442978;20.9152317
111;;20.6892662;20.76894569;20.88509369
112;;20.48712349;20.69948387;20.75297737
113;;20.49849892;20.69845963;20.87477493
114;;20.50916481;20.67274094;20.7021389
115;;20.54577446;20.71201515;20.85601616
116;;20.56230354;20.754282;20.70640755
117;;20.57247162;20.80945015;20.69316673
118;;20.6356678;20.73684883;20.73789024
119;;20.57590485;20.79572678;20.57167435
120;;20.6227684;20.77342606;20.67338181
121;;20.57349014;20.8190155;20.76323509
122;;20.5588131;20.64158249;20.78201675
123;;20.45074272;20.68674278;20.77359772
124;;20.61161041;20.78283501;20.64917755
125;;20.71539497;20.79786491;20.84483147
126;;20.70039177;20.89627838;20.84126854
127;;20.69315147;20.84121704;20.91782761
128;;20.68640327;20.81201935;20.72368431
129;;20.52759552;20.9259243;20.67068863
130;;20.62672424;20.85701942;20.77252007
131;;20.51593971;20.90475464;20.87026596
132;;20.53443336;20.76862335;20.87656784
133;;20.66503716;20.85080147;20.85706711
134;;20.66156769;20.76165009;20.87485313
135;;20.64945793;20.70605659;20.85386276
136;;20.54283905;20.62319183;20.64248466
137;;20.6343174;20.78610802;20.71858215
138;;20.55111885;20.65696144;20.8488903
139;;20.52861786;20.73057747;20.64988899
140;;20.54101944;20.71391487;20.77351761
141;;20.64517593;20.78082275;20.68556595
142;;20.55700302;20.64943314;20.77750397
143;;20.63516617;20.62382126;20.90603828
144;;20.52859116;20.63415146;20.84737778
145;;20.5140152;20.65555191;20.68159866
146;;20.56471252;20.68870354;20.77988052
147;;20.59809685;20.68518448;20.73468781
148;;20.60720253;20.75863266;20.79722786
149;;20.57582855;20.75336647;20.76553345
150;;20.58853531;20.78890991;20.85572433
151;;20.61536217;20.67330551;20.86303139
152;;20.55355644;20.75389099;21.01111031
153;;20.542202;20.95624542;20.82965469
154;;20.54146767;20.92409897;20.92108917
155;;20.59716988;20.75618553;20.88899612
156;;20.61480141;20.90192604;20.85428047
157;;20.59819031;20.94172859;20.82299805
158;;20.67861748;20.82304573;20.94638824
159;;20.66815758;20.75987434;20.82456398
160;;20.54571915;20.77368736;20.83298683
161;;20.63840294;20.79786491;20.82212448
162;;20.60959053;20.7112236;20.92346954
163;;20.69388771;20.76381302;21.01178932
164;;20.68646431;20.82024574;20.96470642
165;;20.65307999;20.76603508;20.96168709
166;;20.61104202;20.78896713;20.75538445
167;;20.68244553;20.89035416;20.78702354
168;;20.68155289;20.75939751;20.69467545
169;;20.73960876;20.83567047;20.82217026
170;;20.66127014;20.81255913;20.72014999
171;;20.65735435;20.87146568;20.77911949
172;;20.60296631;20.84869957;20.74095154
173;;20.58787346;20.87410164;20.86176682
174;;20.63357735;20.83174896;20.93745232
175;;20.53722382;20.85928154;20.89696693
176;;20.53728104;20.90460587;20.78282738
177;;20.54402351;20.8551445;20.74606133
178;;20.74560928;20.94424629;20.91946983
179;;20.55027008;20.86860275;20.92754745
180;;20.48638725;20.78684807;20.71274948
181;;20.59575081;20.85036278;20.8235817
182;;20.54593086;20.87490845;20.88479424
183;;20.57192421;20.89418793;20.81422615
184;;20.50517082;20.96209908;20.81389427
185;;20.54297829;20.8663826;20.71191216
186;;20.63376808;20.93060684;20.67249298
187;;20.62932014;20.9888649;20.73804283
188;;20.65914536;21.05225945;20.80344772
189;;20.57625961;20.95838928;20.82354736
190;;20.54401779;20.88911438;20.82638359
191;;20.59313583;20.88362122;21.02345848
192;;20.49876022;20.94514275;20.86452293
193;;20.50458145;21.03675652;21.06893921
194;;20.40564346;20.99329185;20.772089
195;;20.46907616;20.87541771;20.8517971
196;;20.50209045;20.98989105;20.88201141
197;;20.6262722;20.90207672;20.91688347
198;;20.64053917;20.96355438;20.82380486
199;;20.58438683;20.87925339;20.80427742
200;;20.51994514;20.84150314;20.75600052
201;;20.60334015;20.85080719;20.76545143
202;;20.59052849;20.97095108;20.86976433
203;;20.57272911;20.98703384;20.79465675
204;;20.56940842;21.0837059;20.78137589
205;;20.58967972;21.02240753;20.77622986
206;;20.59578896;21.05524063;20.67809677
207;;20.60475922;20.97817802;20.64900589
208;;20.53268623;20.95758247;20.78410339
209;;20.4741497;20.93046188;20.88715363
210;;20.53291893;21.04726982;20.79775429
211;;20.49224091;20.86349297;20.7110424
212;;20.62372017;20.93201828;20.82059479
213;;20.5975914;20.82129097;20.87700081
214;;20.58941269;20.86132622;20.81425285
215;;20.57101631;20.870224;20.73089027
216;;20.46458244;20.87611008;20.76438904
217;;20.66815567;20.88784409;20.70122528
218;;20.59941101;20.93388748;20.74856186
219;;20.86814117;20.86420822;20.73225021
220;;20.83597183;20.8234005;20.83975029
221;;20.89451599;20.93713188;20.77334213
222;;20.89432526;20.87936783;20.91434288
223;;20.78683281;20.8195858;20.83845329
224;;20.85695267;20.80240631;20.92266464
225;;20.94704056;20.84770775;20.86354446
226;;20.90001488;20.64236832;20.89210129
227;;20.8401165;20.64909744;20.77458191
228;;20.74898911;20.71680832;20.85380745
229;;20.54644585;20.72290993;20.92360687
230;;20.44463158;20.75307655;20.84868431
231;;20.53734016;20.6796608;20.84141541
232;;20.55989075;20.7113781;20.86336136
233;;20.5971241;20.7877903;20.71609688
234;;20.55676079;20.63396263;20.92112923
235;;20.45785332;20.72529984;20.84986496
236;;20.52324486;20.58739471;21.04924965
237;;20.52747536;20.62253189;20.90516853
238;;20.49071693;20.63620186;20.85193634
239;;20.44550133;20.72750092;20.98978806
240;;20.51966476;20.8499794;20.97447777
241;;20.47813797;20.69061089;20.96139908
242;;20.5681057;20.67914963;20.77841568
243;;20.55944824;20.71374893;20.80897141
244;;20.5166626;20.72979546;20.8590374
245;;20.55950356;20.88244057;20.8243103
246;;20.65006065;20.8852272;20.82164574
247;;20.61207581;20.84597969;20.93065071
248;;20.60451317;20.83380318;20.73351479
249;;20.72344971;20.70722008;20.8117485
250;;20.71106339;20.77218056;20.86770821
251;;20.72503471;20.79320145;20.86427689
252;;20.67168427;20.75700188;20.96792412
253;;20.67811966;20.86728096;20.88126755
254;;20.55461693;20.85406303;20.84901047
255;;20.52988625;20.84858322;20.84930801
256;;20.59162521;20.92753029;20.80102348
257;;20.59115601;20.86976242;20.87713051
258;;20.5916214;20.82250404;20.75841331
259;;20.50876808;20.82310295;20.78425789
260;;20.54014778;20.7382164;20.6730938
261;;20.48656082;20.80838776;20.76657104
262;;20.55210304;20.70297623;20.84763336
263;;20.42772293;20.65704536;20.79356575
264;;20.53896713;20.64878082;20.80766296
265;;20.49709702;20.55900955;20.79770279
266;;20.5302906;20.73835754;20.89186478
267;;20.55729294;20.72352028;20.82181931
268;;20.53556824;20.60606766;20.93679237
269;;20.63309288;20.74942207;20.9113121
270;;20.51445198;20.73593521;20.8294754
271;;20.48441887;20.73601341;20.86637878
272;;20.57051086;20.68219185;20.83267021
273;;20.47389221;20.62393951;20.70877647
274;;20.42625237;20.70895195;20.68390083
275;;20.49594116;20.67041206;20.71098137
276;;20.38401985;20.60713387;20.74296761
277;;20.35550499;20.6888485;20.70129585
278;;20.46849442;20.68663406;20.65576744
279;;20.48735428;20.81333923;20.57505798
280;;20.5431633;20.76427841;20.6697216
281;;20.51063156;20.69101143;20.74287033
282;;20.51916504;20.64463615;20.7721138
283;;20.40882683;20.65067482;20.63956261
284;;20.49563217;20.78480721;20.93621635
285;;20.45866966;20.83288574;20.77560043
286;;20.40213585;20.63631248;20.75912285
287;;20.52417183;20.83046913;20.98540115
288;;20.48404694;20.78863907;20.81694984
289;;20.48014641;20.64001083;20.75316048
290;;20.4589653;20.77138519;21.00172806
291;;20.54138947;20.74859238;20.89803314
292;;20.54580688;20.80214119;21.01224518
293;;20.60840988;20.80482674;21.05541801
294;;20.69147491;20.72032738;21.00787926
295;;20.58208847;20.74193954;20.9802227
296;;20.51383018;20.92392349;21.08185577
297;;20.5183773;20.87069321;20.96213531
298;;20.53897476;20.87765884;21.02449036
299;;20.55905914;20.82993507;20.77937317
300;;20.56241989;20.79793167;20.96160316
301;;20.51932144;20.84294891;20.97427177
302;;20.56679916;20.84007263;21.00161362
303;;20.48600578;20.84966278;21.03405952
304;;20.41311455;20.88201523;20.80010986
305;;20.47367096;20.7877655;20.85964394
306;;20.45007133;20.83643913;20.92996407
307;;20.50836182;20.88608551;21.04371262
308;;20.53801346;20.78144646;20.81041336
309;;20.58911514;20.79730225;20.88092232
310;;20.64329529;20.87495232;20.89198875
311;;20.50580788;20.86600304;20.90279007
312;;20.59622002;20.8841877;20.87670326
313;;20.49764824;20.86633301;21.11725998
314;;20.5886879;20.80050659;20.96857834
315;;20.51764488;20.80549622;20.92321777
316;;20.60161018;20.69449425;20.85923386
317;;20.54771805;20.70710754;21.05907822
318;;20.65312767;20.62643623;20.95809364
319;;20.56321335;20.6616745;20.96441841
320;;20.49030876;20.78544807;20.92956352
321;;20.6576767;20.64178848;20.91350746
322;;20.62862587;20.76772881;20.95158958
323;;20.6128006;20.72746086;20.95889091
324;;20.60427856;20.64763069;21.02997398
325;;20.57807159;20.72187996;20.91029549
326;;20.68079185;20.82603264;20.84177399
327;;20.62768173;20.75681877;20.75071526
328;;20.70979309;20.80223846;20.80330467
329;;20.65151596;20.88748741;20.88799858
330;;20.45766258;20.93445587;20.88840103
331;;20.58708382;20.86940384;21.0227375
332;;20.68395615;20.8010807;20.90082359
333;;20.56368446;20.79541397;20.94876099
334;;20.51039696;20.74976158;20.92599487
335;;20.4401474;20.91923904;20.9241066
336;;20.46027374;20.78406143;21.09103012
337;;20.46850395;20.72552299;21.06503487
338;;20.51857758;20.84817314;21.10470772
339;;20.55314255;20.8399601;20.85789871
340;;20.55113411;21.00746155;20.76930428
341;;20.62283134;20.82120323;20.92008591
342;;20.39237595;20.98436928;20.68196678
343;;20.51599693;21.00817108;20.66472626
344;;20.49884033;20.81692505;20.73041916
345;;20.48333931;20.91620445;20.80077744
346;;20.54150391;20.86118507;20.79906845
347;;20.52689934;20.93312836;20.72214127
348;;20.47850418;20.94009972;20.89878654
349;;20.47543144;20.88195229;20.90053558
350;;20.46233559;20.91160011;20.89884186
351;;20.71122169;20.77903748;20.78260612
352;;20.72543144;20.78479004;20.76726913
353;;20.71232605;20.87675095;20.79646301
354;;20.69836998;20.85700035;20.77083397
355;;20.66368675;20.94081497;20.80963707
356;;20.7243309;20.93479919;20.96517944
357;;20.50822258;20.94875526;20.89961815
358;;20.54091454;20.86794281;20.75307655
359;;20.53495598;20.99515915;20.90295219
360;;20.57356262;20.84468651;20.92025375
361;;20.53768539;20.97345543;20.89988518
362;;20.68362617;20.91012383;20.96895218
363;;20.49221611;21.00662994;20.92136192
364;;20.49561882;20.82099342;20.9684124
365;;20.5747242;20.94944191;20.96836281
366;;20.56678009;20.78059006;21.04417229
367;;20.52549171;20.70098877;20.89591026
368;;20.46569633;20.85932159;20.91555786
369;;20.4201107;20.79869461;20.95367241
370;;20.38383293;20.72236443;21.01913452
371;;20.39908028;20.8394413;20.87561989
372;;20.44701004;20.84887505;21.15545654
373;;20.45005989;20.84331131;21.12492371
374;;20.46670914;20.83265305;21.08264351
375;;20.46478271;20.86055183;21.10387611
376;;20.48314857;20.91019249;20.96867943
377;;20.46427727;20.79116249;20.93382072
378;;20.53797913;20.89234352;20.97257042
379;;20.53141785;20.84596443;21.08047104
380;;20.60007095;20.78092766;20.91297913
381;;20.58538818;20.8373909;20.95839691
382;;20.42176247;20.76345062;20.85688019
383;;20.47351265;20.92232704;20.88956451
384;;20.61126328;20.83819389;20.98554802
385;;20.52489471;20.73583794;20.94184685
386;;20.5279789;20.82185745;20.82822609
387;;20.56776619;20.94073296;20.92649269
388;;20.50026321;20.84666061;20.81666183
389;;20.54325485;20.8061657;20.78887939
390;;20.46140862;20.77417946;20.86167908
391;;20.48380089;20.74027824;20.82447624
392;;20.45432663;20.82139969;20.83278084
393;;20.46207619;20.82200813;20.86614227
394;;20.37596893;20.74159813;20.77297401
395;;20.40555573;20.88900185;20.77291679
396;;20.42989159;20.7735939;20.78627968
397;;20.53811646;20.87059784;20.8299675
398;;20.46523666;20.9080677;20.79846954
399;;20.5385685;20.86777496;20.88500023
400;;20.41286278;20.92189598;20.81244087
401;;20.40467834;20.86557579;20.9837532
402;;20.39203835;20.90292358;20.95934296
403;;20.51508713;20.83403206;20.7901001
404;;20.50161362;20.8537426;20.76867294
405;;20.52861404;20.88975906;20.73164558
406;;20.42160797;20.82906342;20.78525925
407;;20.42407227;20.79423523;20.77503586
408;;20.46928215;20.78637314;20.66341782
409;;20.43803215;20.94024658;20.62884903
410;;20.65039063;20.9076786;20.78322411
411;;20.65797806;20.88092613;20.89098358
412;;20.56156349;20.89914513;20.78479385
413;;20.45323563;20.85179329;20.80535126
414;;20.48327446;20.76216888;20.82061577
415;;20.42150879;20.81382561;20.90911674
416;;20.47800446;20.86026001;20.81421852
417;;20.37525558;20.78640747;21.03679085
418;;20.43311119;20.87695313;20.96417999
419;;20.46152306;20.99452209;20.94168091
420;;20.43398857;20.91824341;20.94269371
421;;20.48107147;20.94341087;20.76971245
422;;20.5295887;20.83943558;20.85440636
423;;20.35090446;20.9045105;20.73655128
424;;20.45457077;20.78479385;20.964674
425;;20.45017815;20.9242382;20.94504547
426;;20.4881115;20.8558197;20.87957954
427;;20.54447746;20.9409523;20.99666405
428;;20.44775009;20.78615761;20.85773087
429;;20.41960335;20.95857239;20.89958
430;;20.47503471;20.98195457;20.99656868
431;;20.44086075;20.9561882;20.94559097
432;;20.45990753;20.97804832;21.02238846
433;;20.4045372;21.07406235;20.97548676
434;;20.43511772;20.87835312;20.96458054
435;;20.34840775;20.96124458;21.19766808
436;;20.35202789;20.85279846;21.01875114
437;;20.38271523;20.97999763;21.12919426
438;;20.41713715;21.10050201;21.03802299
439;;20.4814949;20.76932526;20.94404793
440;;20.50380135;20.85247421;20.92526245
441;;20.56694794;20.97332573;21.03205681
442;;20.58540344;20.97914505;20.9503231
443;;20.44672966;21.01670265;20.97416878
444;;20.41318512;20.83138847;20.95850754
445;;20.50080299;21.05279541;20.96198082
446;;20.52693558;20.93633461;21.043396
447;;20.59727287;20.96302223;21.10816193
448;;20.55021095;20.99617195;21.04251289
449;;20.44344521;21.14694977;21.18842506
450;;20.41085625;21.05890083;21.27309036
451;;20.36044312;20.96204185;21.15553474
452;;20.45851898;20.92663765;21.08098412
453;;20.41081619;21.00428391;20.95285606
454;;20.37423515;20.94930077;20.93299866
455;;20.40008163;20.98569679;21.06562614
456;;20.36182785;20.99603081;21.14217758
457;;20.38592529;20.92876244;21.11197853
458;;20.33182716;20.8410759;20.93144035
459;;20.33347321;20.88313103;21.03132057
460;;20.33636665;21.04061127;21.20139503
461;;20.32220459;20.97709656;21.07640839
462;;20.42074966;20.92481232;20.96077538
463;;20.36983109;20.85324287;21.04734039
464;;20.44769287;20.81874275;20.9983654
465;;20.46803474;20.90136147;21.02179527
466;;20.52063942;20.87614822;20.87719917
467;;20.45790482;20.89831924;20.79362488
468;;20.49905014;20.98275566;20.90062332
469;;20.43232536;20.78117371;20.86701584
470;;20.35961151;20.89144325;20.81195068
471;;20.32061958;20.86726761;20.96542549
472;;20.41378975;20.95158577;20.90263748
473;;20.35846329;21.01403427;20.96861839
474;;20.39729691;20.86400032;20.89080238
475;;20.40024185;20.84968376;20.93783951
476;;20.38996506;21.00919724;20.9256134
477;;20.4299736;20.80514526;20.79959106
478;;20.33938217;20.70542336;20.74845505
479;;20.36413002;20.88871384;20.75430107
480;;20.36381721;20.70304298;20.75532913
481;;20.41505814;20.78017807;20.83966064
482;;20.28841972;20.85961723;20.92567062
483;;20.33551025;20.78293037;20.90287781
484;;20.37451172;20.81153107;20.88945007
485;;20.35751343;20.77494812;20.8904705
486;;20.39050102;20.80326653;20.95354843
487;;20.31456375;20.91807747;20.86009789
488;;20.39381027;20.81464958;20.83791351
489;;20.33470535;20.85133934;20.8665657
490;;20.45434952;20.93490982;20.98293495
491;;20.38449097;20.9336586;20.97126579
492;;20.41055489;20.80941963;20.99840355
493;;20.44050026;20.83559608;20.83294106
494;;20.37850952;20.79346466;20.90213585
495;;20.51297188;20.83794212;20.92189598
496;;20.57260513;20.90400696;20.90042877
497;;20.50692558;20.74081039;20.87056732
498;;20.47350121;20.69472313;20.86879349
499;;20.50367546;20.82636452;20.88762474
500;;20.37472153;20.85076904;20.87796593
501;;20.5307045;20.80727768;20.86877823
502;;20.57014465;20.87194443;20.98089027
503;;20.41985703;20.82177353;21.14250183
504;;20.38890266;20.88651085;20.98283577
505;;20.5210495;20.88262939;20.99298286
506;;20.52914429;20.83426094;21.03930855
507;;20.51078606;20.92113686;20.88645744
508;;20.52707481;20.76840401;20.97979355
509;;20.42624283;20.78079987;20.95145416
510;;20.43664169;20.73674583;21.06809998
511;;20.40456963;20.80006599;20.9389782
512;;20.35463905;20.86141586;20.89118004
513;;20.35327721;20.80291176;20.89257622
514;;20.32136536;20.81726074;20.94128418
515;;20.36198235;20.85334015;20.93904877
516;;20.37106133;20.77183914;20.97208786
517;;20.37410736;20.92255974;20.87983322
518;;20.44914246;20.82520866;20.96604347
519;;20.4534874;20.86293983;20.99502945
520;;20.40748978;20.95507431;21.07531738
521;;20.41353607;20.89945984;21.00301743
522;;20.47996902;20.8688736;20.93798256
523;;20.4929142;20.89964676;21.03697968
524;;20.47658348;20.90456772;21.00971985
525;;20.36450958;20.90694618;20.90794945
526;;20.38945007;20.79302788;20.87441063
527;;20.30536842;20.87220573;20.88478851
528;;20.46773911;20.69229507;20.86687088
529;;20.36503983;20.79275131;21.02145386
530;;20.3346138;20.91973877;20.92428589
531;;20.4361763;20.93859482;20.91144753
532;;20.48862076;20.99355316;20.86579704
533;;20.52182388;20.98919487;20.98252296
534;;20.46399117;20.88838387;20.92008209
535;;20.52690125;20.89332771;20.82243538
536;;20.53295135;20.90911102;20.98683929
537;;20.50504684;20.93505669;21.07460213
538;;20.45553589;20.9738903;21.01117516
539;;20.45738983;20.94408798;20.89271164
540;;20.46829987;21.09641838;20.84906387
541;;20.40074348;21.05025482;20.84252167
542;;20.53243828;20.95889091;20.9256382
543;;20.36301613;20.84302521;20.93180847
544;;20.51870918;20.84718704;20.84846497
545;;20.49160576;20.81305122;20.77055359
546;;20.49719429;20.89592743;20.87211609
547;;20.49077797;20.86660385;20.98014259
548;;20.45164871;20.99982262;20.894804
549;;20.48687172;21.05566406;21.00400162
550;;20.40027046;20.87506485;20.94755173
551;;20.39472198;20.82444763;20.93719101
552;;20.42109108;20.97880173;21.09015274
553;;20.38172913;20.91546059;21.1224823
554;;20.33767891;20.86373329;21.00491333
555;;20.45099449;20.98976707;21.03501511
556;;20.37097359;20.9552803;20.991045
557;;20.46792793;20.82388306;21.0853138
558;;20.39769173;20.83010101;20.95817947
559;;20.36006737;20.96472549;20.94072151
560;;20.39416122;20.90495872;20.93196297
561;;20.39263725;20.87862015;20.94532204
562;;20.44497108;20.83417511;20.90338516
563;;20.51276588;20.90555954;20.9845562
564;;20.43122292;20.84641838;20.89809418
565;;20.52799034;20.77482033;20.95611572
566;;20.44930267;20.86631393;21.00753975
567;;20.50629234;20.99639893;21.00358772
568;;20.47265434;20.923172;21.04257965
569;;20.51791;20.94569016;21.030756
570;;20.49044037;20.94867325;20.99214745
571;;20.45692825;21.02645683;21.14318085
572;;20.50942612;21.01375961;20.97475624
573;;20.51628876;20.9839344;21.04337883
574;;20.53516769;21.02828407;21.00393677
575;;20.49730682;20.85522652;20.96746826
576;;20.43756294;20.94326591;20.92456245
577;;20.42451668;20.91618538;20.79672241
578;;20.5440979;20.83982277;20.92840195
579;;20.38676643;20.94825363;20.95650291
580;;20.46776581;20.92967033;20.76486969
581;;20.69854546;20.78735161;20.90439034
582;;20.50189018;20.85821342;20.93204117
583;;20.48345947;20.9764843;20.94779778
584;;20.34563637;20.98490143;21.05149841
585;;20.44968987;20.92569351;21.08990288
586;;20.48005486;20.94305992;20.96995735
587;;20.45441055;20.90548325;21.01295471
588;;20.38267326;20.91232681;21.10196304
589;;20.31993103;20.9528656;20.98139191
590;;20.39139938;20.85811996;21.04870224
591;;20.48347092;20.85783386;21.01254463
592;;20.44894028;20.8928299;20.99957848
593;;20.49560356;20.89223289;20.92894173
594;;20.51070976;20.96992111;21.15054131
595;;20.66978073;20.81728745;21.10895729
596;;20.60911942;20.77787781;21.09051323
597;;20.52380371;20.71551514;20.97736359
598;;20.58090401;20.82275581;20.97553444
599;;20.63846016;20.71993828;20.9723587
600;;20.77466202;20.76296425;21.03888702
601;;20.68682671;20.80870056;21.07219315
602;;20.65621185;20.81514931;21.00339508
603;;20.63101959;20.9547348;20.9689579
604;;20.69103432;20.72539139;21.07104111
605;;20.62627602;20.82728767;21.0724659
606;;20.69578934;20.70864677;21.06407738
607;;20.66591454;20.70012665;21.11128235
608;;20.73196411;20.87669563;21.23420143
609;;20.86362839;20.80964851;21.17387199
610;;20.71718788;20.92955971;21.18848038
611;;20.80148315;20.90343285;21.16244316
612;;20.75243568;20.89936256;21.07757759
613;;20.72524834;20.73880196;21.06996918
614;;20.75988388;20.9014225;21.05207634
615;;20.80636406;20.82369804;20.92877197
616;;20.71772766;20.90932655;20.96697044
617;;20.615839;20.85316086;21.09485245
618;;20.68431091;20.76461029;21.06082916
619;;20.64532089;20.65830994;21.07031822
620;;20.72983932;20.80331802;21.04704285
621;;20.7609272;20.60951996;21.02984619
622;;20.78768539;20.71979904;20.86999893
623;;20.7671833;20.77099419;20.87919998
624;;20.70535088;20.70565033;20.81831551
625;;20.78440857;20.72424698;20.85797501
626;;20.78186607;20.80870628;20.92799759
627;;20.75319481;20.87316513;20.89784431
628;;20.80569458;20.86123848;20.85961151
629;;20.7140789;20.77942085;20.82570267
630;;20.74454498;20.70608711;20.98528099
631;;20.72038651;20.70627213;20.99651909
632;;20.7305603;20.75741386;21.00433159
633;;20.83224678;20.68622208;21.12005043
634;;20.65586472;20.66905022;21.15680313
635;;20.72203064;20.8183136;20.95287323
636;;20.69733238;20.70312691;21.0886898
637;;20.62295151;20.69794083;21.04389572
638;;20.76006317;20.63681412;21.05490112
639;;20.71157265;20.60596657;21.07531929
640;;20.69391632;20.58469009;21.09065247
641;;20.82354736;20.75346565;20.94409943
642;;20.8270874;20.80874825;20.9303112
643;;20.7981987;20.97641754;20.99529648
644;;20.94188118;20.92327881;21.03144646
645;;20.90197754;20.91794205;21.00158501
646;;20.86698151;20.81838799;20.89686966
647;;20.9159584;21.00781059;20.92347145
648;;20.7110405;20.8416214;20.91880989
649;;20.90954018;20.88249779;20.9058342
650;;20.70299911;20.84790421;21.05087471
651;;20.81656265;20.81553268;20.99878883
652;;20.81376076;20.84549522;21.0706501
653;;20.77120781;20.74521637;21.12460136
654;;20.80592918;20.69296074;20.9522953
655;;20.78438759;20.92319679;20.95179176
656;;20.72167587;20.85321808;20.8758297
657;;20.70991325;20.81056976;20.90557098
658;;20.89870262;20.75218582;20.90780449
659;;20.87836647;20.88555717;20.90292168
660;;20.80378914;20.79301643;20.9176178
661;;20.86624336;20.85532379;20.83205414
662;;20.95724106;20.87284279;20.93894958
663;;20.92689514;20.8404007;20.93854523
664;;20.82802391;20.78707314;20.96563148
665;;20.94869232;20.98488235;20.99151802
666;;20.84309196;20.96306801;21.03823471
667;;20.80405045;20.96801376;21.00601578
668;;20.77147484;20.82427788;21.03882027
669;;20.95180893;20.92881966;21.06168175
670;;20.87529373;20.83701515;21.00696564
671;;20.9220295;20.76925659;20.93606567
672;;20.9607811;20.75332451;21.08579063
673;;20.90940285;20.63823891;21.06343842
674;;20.92657661;20.75884438;21.03400612
675;;21.0670414;20.63850784;20.93150711
676;;20.91163063;20.69595528;21.11295509
677;;20.87798309;20.74200439;21.03312111
678;;20.88847733;20.88226128;21.11101723
679;;20.88281822;20.71877861;21.16690445
680;;20.85215569;20.75464249;21.11388588
681;;20.93768883;20.75990105;21.17506218
682;;20.80423546;20.82406235;21.24177551
683;;20.86205673;20.85452652;21.17827034
684;;20.78157806;20.65457153;21.07271194
685;;20.87046814;20.80054283;21.06562805
686;;20.82028198;20.83613396;20.95285225
687;;20.92673683;20.83311081;21.13738823
688;;20.78863144;20.86549759;21.20829964
689;;20.88985825;20.90806007;21.28235054
690;;20.84314919;20.89111137;21.14306641
691;;20.84600449;20.93934822;21.14184189
692;;20.78406715;20.99830246;21.13522911
693;;20.7969017;21.13562393;21.0904026
694;;20.95344543;21.07691002;21.15821457
695;;20.77140999;20.96124649;21.07773781
696;;20.78970337;20.78050232;21.04199028
697;;20.89219475;20.83737564;21.11145782
698;;20.91812897;20.81616783;21.1329422
699;;20.78188133;20.92210579;20.96647453
700;;20.89694214;20.83870506;20.92015457
701;;20.86171341;20.88532829;20.90436745
702;;20.78864861;21.07933617;20.8915329
703;;20.75395966;20.97877693;20.91449928
704;;20.81340599;21.07600594;20.91690063
705;;20.87794876;21.00704575;20.97384644
706;;20.83273888;21.01530838;20.95976257
707;;20.84748077;21.04352951;20.9600563
708;;21.00222588;21.01444054;20.93740463
709;;20.96719551;20.98134041;21.01526833
710;;20.90328979;20.89201927;20.95516396
711;;20.918293;20.9620266;20.96995926
712;;20.97813606;21.00571632;20.87292099
713;;21.01311111;20.89291;20.96029663
714;;20.86973;20.97620583;20.81446457
715;;20.97766304;20.82846832;20.91472054
716;;20.88814163;20.91919327;21.09976578
717;;20.87613869;20.82735062;21.04922485
718;;21.0593586;20.70229149;21.22546196
719;;20.88425255;20.81565285;21.12085915
720;;20.83466339;20.7817421;20.9810524
721;;20.9286232;20.78880501;20.82762337
722;;20.97076797;20.82695007;20.95263863
723;;20.86507416;20.86321831;20.8991127
724;;20.96814537;21.01246262;20.97243118
725;;20.99918747;21.04892921;20.92122459
726;;20.99485779;20.8627491;20.91518402
727;;21.00097847;20.79249954;20.90234756
728;;20.93456459;20.94400787;21.05465508
729;;20.91172981;20.93670845;21.05331039
730;;20.97339058;20.89032936;20.97864723
731;;21.04597664;21.05200386;21.13929558
732;;20.95743942;20.96269608;21.08623314
733;;21.00642395;20.95506477;21.01939583
734;;20.88111496;21.00499725;20.89685822
735;;20.91671371;20.99747276;21.02323151
736;;20.81234169;20.95889473;21.02194214
737;;20.914217;20.86566353;20.98416328
738;;20.91789818;20.91893387;20.89338875
739;;20.95529175;20.82545853;20.97534752
740;;21.11507034;20.85778046;20.93644333
741;;20.88023949;20.86644745;20.98144722
742;;20.82805634;20.82161331;21.00795555
743;;20.97801781;20.9621315;20.91528511
744;;21.02080536;20.98567963;20.93250275
745;;21.04978371;20.94602585;21.03130722
746;;20.94073868;21.07674599;20.91546249
747;;20.97808075;21.09734726;20.89408302
748;;21.01189423;21.13724899;20.90884972
749;;21.04639435;20.86002922;21.00539017
750;;20.96583176;20.8323822;21.03299141
751;;21.01878357;21.06290436;21.02866745
752;;20.93110466;20.97182083;20.94556236
753;;20.89360046;20.97430992;21.0427494
754;;20.78987503;21.08823395;21.02214622
755;;20.83295059;21.02551842;21.06510162
756;;20.90295601;20.99394226;20.97398949
757;;20.95179367;21.02611923;21.04562759
758;;20.91393089;20.93209457;20.97401047
759;;20.93432617;21.16540909;20.90787125
760;;20.85374451;21.08244133;21.04403114
761;;20.87351799;21.1047287;20.98171616
762;;20.84569931;21.05784416;21.0340519
763;;20.82725525;21.1796875;20.87720871
764;;20.79549026;21.00001144;20.95473289
765;;20.85110664;21.07604218;20.92160416
766;;20.87049294;21.1008091;20.88184547
767;;20.92881775;21.08885574;20.91539383
768;;20.88632965;21.0530777;20.82841873
769;;20.81469536;21.14690018;20.87502098
770;;20.85327721;21.04321861;20.884655
771;;20.76480484;21.1033535;20.88685799
772;;20.84392738;20.97607613;20.88725662
773;;20.79423523;21.21349144;20.9562664
774;;20.76478958;21.1830101;20.91809082
775;;20.84438896;21.11044312;21.05364609
776;;20.88548088;21.21341324;20.89066315
777;;20.91755104;21.09438515;21.03107834
778;;20.95135117;21.2060833;20.93235397
779;;20.9588089;21.06856537;20.90488052
780;;20.98958206;21.13019753;20.98579216
781;;20.99456215;21.14525223;20.94666481
782;;20.95301819;21.09998703;20.97400475
783;;21.00744629;21.09220505;20.84819603
784;;20.95387268;21.19688988;20.97036743
785;;20.9141674;20.99202919;20.86117363
786;;21.04400253;21.05680084;20.86368179
787;;20.85585213;21.09401894;20.93444252
788;;21.04114342;21.09810257;20.92659569
789;;20.98410988;20.9890976;20.92368126
790;;20.99602699;21.17374611;21.08018684
791;;20.86196899;21.08419228;21.1210804
792;;21.02100372;21.02651978;21.07941055
793;;20.98961639;21.01508141;20.99901581
794;;20.93726158;21.00796127;20.90117645
795;;20.95077896;20.99324226;20.89449501
796;;21.04445457;20.93782997;20.87598801
797;;20.92752457;21.00257492;21.07554054
798;;20.97277069;21.05002975;20.90403938
799;;20.90349007;21.02259064;20.88656807
800;;20.74949646;21.08065033;20.89578629
801;;20.81477928;20.96227646;20.91571426
802;;20.71921349;20.884758;20.88767433
803;;20.80537033;20.86893272;21.053442
804;;20.799757;20.89848137;21.00985718
805;;20.92272568;20.76129341;20.9153347
806;;20.88695526;21.03938866;20.900383
807;;20.88113403;21.04016113;20.9649601
808;;20.7715435;20.98933983;20.95039749
809;;20.76756287;20.96652794;21.00642967
810;;20.78639412;20.90986824;21.10624504
811;;20.7627449;20.92516708;20.98644829
812;;20.74816132;20.84222412;20.94993019
813;;20.88640022;21.03294182;20.93496895
814;;20.76754379;20.86783028;20.90015221
815;;20.78335953;20.81352806;20.92195511
816;;20.88053322;20.88775635;21.19612694
817;;21.00881195;20.95623016;21.08253479
818;;20.84991455;20.97613907;21.05562973
819;;20.86441612;20.94175148;20.99638939
820;;20.84342194;21.0526371;21.01082993
821;;20.80400276;20.985569;20.99913979
822;;20.99616623;20.9056778;21.03694344
823;;20.93800926;20.87720108;21.14064217
824;;20.84023666;20.96332741;21.02504539
825;;20.84800339;20.89156532;20.97831345
826;;20.77048302;20.81764412;20.92062378
827;;20.89356422;20.94558144;20.97004509
828;;20.83110619;20.91959763;20.94771576
829;;20.70161247;20.91662979;20.84490395
830;;20.75212288;20.81619644;20.93468285
831;;20.8473587;20.88321495;20.96030617
832;;20.80877876;20.96788216;21.02338028
833;;20.68255997;20.91012192;21.09198761
834;;20.73231506;21.0982914;21.14670181
835;;20.74279213;20.98353577;20.96889496
836;;20.66811943;20.9614563;21.15405464
837;;20.62526512;20.83307838;21.10898972
838;;20.63272476;21.08366394;20.94121361
839;;20.7276268;20.9881382;21.05293846
840;;20.83050537;20.85895729;20.98953247
841;;20.86640739;21.0705471;20.95456886
842;;20.62278175;21.0242691;21.13864326
843;;20.6561451;21.05856705;21.03310966
844;;20.70873642;21.01199341;21.12471008
845;;20.80893707;21.15591621;21.32172966
846;;20.77684593;21.09189224;21.27935219
847;;20.80566025;21.00553894;21.07603836
848;;20.75148773;21.02740288;21.03395081
849;;20.75469589;20.96842766;21.10614204
850;;20.79159737;20.94751358;21.12177086
851;;20.79162598;21.01022339;21.07982445
852;;20.83342171;20.96753883;21.0881958
853;;20.78970146;21.15888596;21.19674301
854;;20.81345367;20.84902954;21.13002014
855;;20.84091949;20.96403122;21.1976738
856;;20.96240425;20.99742508;21.10990334
857;;20.82139206;21.01319695;21.11162376
858;;20.81799889;21.00111389;21.11595345
859;;20.82838058;20.95357132;21.19148827
860;;20.79750252;21.10073662;21.19694328
861;;20.89618111;20.951828;21.1010685
862;;20.98707008;21.11623764;21.13120079
863;;20.86383057;21.11295128;21.00916672
864;;20.867939;21.03440475;21.0465107
865;;20.94962502;20.93138695;20.97827911
866;;20.90821266;20.82141113;21.00708771
867;;20.84171295;20.97494507;20.88890648
868;;20.80695152;21.00865936;21.06690216
869;;20.7671299;20.8616066;21.16868591
870;;20.93572044;20.92601395;21.20934486
871;;20.92106819;20.92023277;21.1421833
872;;20.9976387;21.00383568;21.1490593
873;;20.81618881;21.05050087;21.27444839
874;;20.87490654;21.01109123;21.01970863
875;;20.90768623;20.99086571;20.91615295
876;;20.86584663;20.9025116;21.05501366
877;;20.87529564;21.00610542;21.19599152
878;;20.8710022;21.08437347;21.03734779
879;;20.9870739;20.95153427;20.98669052
880;;20.84862518;20.96033859;20.95621681
881;;20.84616661;20.93061829;20.96047592
882;;20.81621361;20.9073391;21.00071335
883;;20.6582756;20.9407959;21.0102787
884;;20.58742332;20.9487915;20.82666588
885;;20.60247421;20.93868256;20.93802834
886;;20.77175331;20.86060143;21.03837204
887;;20.63290977;20.86882591;20.9275856
888;;20.61320496;20.89295578;21.06654167
889;;20.66658783;20.90651512;21.03447151
890;;20.69011688;20.88099098;21.12263489
891;;20.71324158;20.85570908;20.99222946
892;;20.69261932;20.917593;20.93710136
893;;20.7996254;20.89712334;21.00862122
894;;20.76238632;20.80621338;21.02017403
895;;20.63919258;20.93920517;20.92549515
896;;20.65048599;20.88876343;20.89242935
897;;20.65302086;20.8834877;20.91344833
898;;20.67606735;21.01230812;20.8384304
899;;20.72784996;20.95340919;20.94612885
900;;20.68281746;20.91041183;20.97110176
901;;20.77711868;20.88614464;20.88760948
902;;20.67418289;20.93806458;20.9136219
903;;20.70660019;20.84013939;20.8453846
904;;20.65143585;20.81009674;20.86052895
905;;20.59725571;20.78648949;20.82967567
906;;20.70305824;20.86949921;20.98860741
907;;20.68816566;20.90034294;20.9026432
908;;20.79293633;20.92859077;20.91112328
909;;20.71092796;20.94660187;20.8242569
910;;20.56165314;20.94620514;20.98305511
911;;20.70129395;21.02617264;20.98180962
912;;20.66015625;20.90117645;21.05727768
913;;20.70219803;20.97198296;20.99554634
914;;20.6701889;20.8137989;21.07304192
915;;20.74309731;20.90023232;20.99488258
916;;20.72950554;20.94444466;20.982481
917;;20.68729401;21.0771637;20.92009735
918;;20.66919327;21.00359154;20.9771843
919;;20.63573647;21.13453484;21.17823792
920;;20.728302;21.31505585;20.99113274
921;;20.73401642;21.27784157;21.10188484
922;;20.71963501;21.0249176;21.06948471
923;;20.74201584;20.98933411;20.94433784
924;;20.73028755;21.26893044;20.92482376
925;;20.71294594;21.12436485;20.94355011
926;;20.7894783;21.14625168;21.01793861
927;;20.77569962;21.00203133;21.09575272
928;;20.64165497;21.23068619;21.02394485
929;;20.7472744;21.0853157;21.05045319
930;;20.71436501;21.21222305;21.03348351
931;;20.67059326;21.32460022;20.97335052
932;;20.7320385;21.07860374;20.97075844
933;;20.74105072;21.22127151;21.04833603
934;;20.70287323;21.12090111;21.01074791
935;;20.65310669;20.97196579;21.02789116
936;;20.71729279;20.92491913;21.05911446
937;;20.77488899;20.97670364;21.01884842
938;;20.69498253;20.98825455;20.96001625
939;;20.66656876;21.08603668;21.0987854
940;;20.61307335;21.23264122;21.12314796
941;;20.64376259;21.21399307;20.96640587
942;;20.69390297;21.10453415;20.97582054
943;;20.76119041;21.07800484;21.16957283
944;;20.708395;20.96756935;21.17766762
945;;20.86170006;20.97875214;20.9471302
946;;20.80514336;20.92044449;20.80974007
947;;20.77004433;20.93689919;21.07105827
948;;20.84178162;21.0047245;21.0912075
949;;20.80537796;21.02778244;21.06435585
950;;20.66579628;20.97597694;21.04229164
951;;20.74880409;21.09777451;21.0681839
952;;20.89894295;21.08852768;21.05645943
953;;20.79271889;21.0225296;21.0011692
954;;20.88418007;21.07835579;20.90690422
955;;20.84128952;21.21895027;20.9105835
956;;20.75352478;21.03825569;20.88103867
957;;20.83625221;21.11429024;20.94292641
958;;20.86231232;20.95475769;21.00789261
959;;20.65465736;20.97576523;20.94995117
960;;20.95641327;20.95454216;20.96828842
961;;20.78466606;20.91826248;21.14787865
962;;20.89432144;21.0278759;21.23196983
963;;20.83201981;20.95647049;21.13898849
964;;20.87638092;21.07942009;21.15948296
965;;20.80055237;20.91506195;21.13270569
966;;20.84027481;21.09928894;21.16849518
967;;20.925951;21.05880928;21.17686081
968;;20.8237381;21.07029152;21.12950516
969;;20.80037498;21.18053818;21.12981415
970;;20.82946968;21.09316063;21.24147034
971;;20.84092712;21.22674942;21.26818275
972;;20.75712395;21.17954826;21.19058228
973;;20.72819519;21.06782532;21.32822418
974;;20.66884041;20.98543358;21.04040527
975;;20.70413399;21.00464249;21.0202179
976;;20.69637299;20.99070168;21.05144882
977;;20.7569828;21.1380024;21.06628799
978;;20.76926804;21.25164413;21.01503372
979;;20.57088089;21.31236076;21.03152275
980;;20.82260704;21.19257355;20.95546722
981;;20.63173103;21.09774017;21.04761124
982;;20.83374786;21.20953941;21.03869247
983;;20.83909416;21.1552372;21.10912323
984;;20.68029785;21.20404625;21.01956749
985;;20.7782402;21.06698608;21.04364967
986;;20.70285225;21.14590454;20.82084656
987;;20.74548912;21.153759;20.96389771
988;;20.77083778;21.20000648;20.98976707
989;;20.80232239;21.07139587;20.99884987
990;;20.85912895;21.098526;21.13151169
991;;20.84622192;21.00469398;21.04735374
992;;20.7845974;20.93869209;21.14938927
993;;20.87519073;21.02640533;21.05892181
994;;20.85763168;21.08488083;21.24175644
995;;20.79376411;21.03873444;21.07767105
996;;20.74236679;20.9046917;21.06830788
997;;20.80496788;20.96572113;21.10381126
998;;20.8176651;21.03726006;21.20972443
999;;20.7677536;21.03630066;21.07086372
;;20.78913116;;
;;20.80897141;;
;;20.69281578;;
;;20.80480766;;
;;20.7942276;;
;;20.90636826;;
;;20.83072853;;
;;20.76249695;;
;;20.77806854;;
;;20.85287857;;